[Header],,,,,,,,
Experiment Name,DecadalShifts_102024,,,,,,,
Date,10/18/24,,,,,,,
Module,GenerateFASTQ - 2.0.0,,,,,,,
Workflow,GenerateFASTQ,,,,,,,
Library Prep Kit,Nextera XT V2,,,,,,,
Description,Nynatten_20240125,,,,,,,
Chemistry,Amplicon,,,,,,,
[Reads],,,,,,,,
301,,,,,,,,
301,,,,,,,,
[Settings],,,,,,,,
adapter,CTGTCTCTTATACACATCT,,,,,,,
[Data],,,,,,,,
Sample_ID,Description,PLATE_NO,WELL_NO,I7_Index_ID,index,I5_Index_ID,index2,Sample_Project
1,1,plate1,A1,SA501,SA701,AACTCTCG,ATCGTACG,Decadal_10172024
2,2,plate1,B1,SA502,SA701,AACTCTCG,ACTATCTG,Decadal_10172024
3,3,plate1,C1,SA503,SA701,AACTCTCG,TAGCGAGT,Decadal_10172024
4,4,plate1,D1,SA504,SA701,AACTCTCG,CTGCGTGT,Decadal_10172024
5,5,plate1,E1,SA505,SA701,AACTCTCG,TCATCGAG,Decadal_10172024
6,6,plate1,F1,SA506,SA701,AACTCTCG,CGTGAGTG,Decadal_10172024
7,7,plate1,G1,SA507,SA701,AACTCTCG,GGATATCT,Decadal_10172024
8,8,plate1,H1,SA508,SA701,AACTCTCG,GACACCGT,Decadal_10172024
9,9,plate1,A2,SA501,SA702,ACTATGTC,ATCGTACG,Decadal_10172024
10,10,plate1,B2,SA502,SA702,ACTATGTC,ACTATCTG,Decadal_10172024
11,11,plate1,C2,SA503,SA702,ACTATGTC,TAGCGAGT,Decadal_10172024
12,12,plate1,D2,SA504,SA702,ACTATGTC,CTGCGTGT,Decadal_10172024
13,13,plate1,E2,SA505,SA702,ACTATGTC,TCATCGAG,Decadal_10172024
14,14,plate1,F2,SA506,SA702,ACTATGTC,CGTGAGTG,Decadal_10172024
15,15,plate1,G2,SA507,SA702,ACTATGTC,GGATATCT,Decadal_10172024
16,16,plate1,H2,SA508,SA702,ACTATGTC,GACACCGT,Decadal_10172024
17,17,plate1,A3,SA501,SA703,AGTAGCGT,ATCGTACG,Decadal_10172024
18,18,plate1,B3,SA502,SA703,AGTAGCGT,ACTATCTG,Decadal_10172024
19,19,plate1,C3,SA503,SA703,AGTAGCGT,TAGCGAGT,Decadal_10172024
20,20,plate1,D3,SA504,SA703,AGTAGCGT,CTGCGTGT,Decadal_10172024
21,21,plate1,E3,SA505,SA703,AGTAGCGT,TCATCGAG,Decadal_10172024
22,22,plate1,F3,SA506,SA703,AGTAGCGT,CGTGAGTG,Decadal_10172024
23,23,plate1,G3,SA507,SA703,AGTAGCGT,GGATATCT,Decadal_10172024
24,24,plate1,H3,SA508,SA703,AGTAGCGT,GACACCGT,Decadal_10172024
25,25,plate1,A4,SA501,SA704,CAGTGAGT,ATCGTACG,Decadal_10172024
26,26,plate1,B4,SA502,SA704,CAGTGAGT,ACTATCTG,Decadal_10172024
27,27,plate1,C4,SA503,SA704,CAGTGAGT,TAGCGAGT,Decadal_10172024
28,28,plate1,D4,SA504,SA704,CAGTGAGT,CTGCGTGT,Decadal_10172024
29,29,plate1,E4,SA505,SA704,CAGTGAGT,TCATCGAG,Decadal_10172024
30,30,plate1,F4,SA506,SA704,CAGTGAGT,CGTGAGTG,Decadal_10172024
31,31,plate1,G4,SA507,SA704,CAGTGAGT,GGATATCT,Decadal_10172024
32,32,plate1,H4,SA508,SA704,CAGTGAGT,GACACCGT,Decadal_10172024
33,33,plate1,A5,SA501,SA705,CGTACTCA,ATCGTACG,Decadal_10172024
34,34,plate1,B5,SA502,SA705,CGTACTCA,ACTATCTG,Decadal_10172024
35,35,plate1,C5,SA503,SA705,CGTACTCA,TAGCGAGT,Decadal_10172024
36,36,plate1,D5,SA504,SA705,CGTACTCA,CTGCGTGT,Decadal_10172024
37,37,plate1,E5,SA505,SA705,CGTACTCA,TCATCGAG,Decadal_10172024
38,38,plate1,F5,SA506,SA705,CGTACTCA,CGTGAGTG,Decadal_10172024
39,39,plate1,G5,SA507,SA705,CGTACTCA,GGATATCT,Decadal_10172024
40,40,plate1,H5,SA508,SA705,CGTACTCA,GACACCGT,Decadal_10172024
41,41,plate1,A6,SA501,SA706,CTACGCAG,ATCGTACG,Decadal_10172024
42,42,plate1,B6,SA502,SA706,CTACGCAG,ACTATCTG,Decadal_10172024
43,43,plate1,C6,SA503,SA706,CTACGCAG,TAGCGAGT,Decadal_10172024
44,44,plate1,D6,SA504,SA706,CTACGCAG,CTGCGTGT,Decadal_10172024
45,45,plate1,E6,SA505,SA706,CTACGCAG,TCATCGAG,Decadal_10172024
46,46,plate1,F6,SA506,SA706,CTACGCAG,CGTGAGTG,Decadal_10172024
47,47,plate1,G6,SA507,SA706,CTACGCAG,GGATATCT,Decadal_10172024
48,48,plate1,H6,SA508,SA706,CTACGCAG,GACACCGT,Decadal_10172024
49,49,plate1,A7,SA501,SA707,GGAGACTA,ATCGTACG,Decadal_10172024
50,50,plate1,B7,SA502,SA707,GGAGACTA,ACTATCTG,Decadal_10172024
51,51,plate1,C7,SA503,SA707,GGAGACTA,TAGCGAGT,Decadal_10172024
52,52,plate1,D7,SA504,SA707,GGAGACTA,CTGCGTGT,Decadal_10172024
53,53,plate1,E7,SA505,SA707,GGAGACTA,TCATCGAG,Decadal_10172024
55,55,plate1,F7,SA506,SA707,GGAGACTA,CGTGAGTG,Decadal_10172024
56,56,plate1,G7,SA507,SA707,GGAGACTA,GGATATCT,Decadal_10172024
57,57,plate1,H7,SA508,SA707,GGAGACTA,GACACCGT,Decadal_10172024
58,58,plate1,A8,SA501,SA708,GTCGCTCG,ATCGTACG,Decadal_10172024
59,59,plate1,B8,SA502,SA708,GTCGCTCG,ACTATCTG,Decadal_10172024
60,60,plate1,C8,SA503,SA708,GTCGCTCG,TAGCGAGT,Decadal_10172024
61,61,plate1,D8,SA504,SA708,GTCGCTCG,CTGCGTGT,Decadal_10172024
62,62,plate1,E8,SA505,SA708,GTCGCTCG,TCATCGAG,Decadal_10172024
63,63,plate1,F8,SA506,SA708,GTCGCTCG,CGTGAGTG,Decadal_10172024
64,64,plate1,G8,SA507,SA708,GTCGCTCG,GGATATCT,Decadal_10172024
65,65,plate1,H8,SA508,SA708,GTCGCTCG,GACACCGT,Decadal_10172024
66,66,plate1,A9,SA501,SA709,GTCGTAGT,ATCGTACG,Decadal_10172024
67,67,plate1,B9,SA502,SA709,GTCGTAGT,ACTATCTG,Decadal_10172024
68,68,plate1,C9,SA503,SA709,GTCGTAGT,TAGCGAGT,Decadal_10172024
69,69,plate1,D9,SA504,SA709,GTCGTAGT,CTGCGTGT,Decadal_10172024
70,70,plate1,E9,SA505,SA709,GTCGTAGT,TCATCGAG,Decadal_10172024
71,71,plate1,F9,SA506,SA709,GTCGTAGT,CGTGAGTG,Decadal_10172024
72,72,plate1,G9,SA507,SA709,GTCGTAGT,GGATATCT,Decadal_10172024
73,73,plate1,H9,SA508,SA709,GTCGTAGT,GACACCGT,Decadal_10172024
74,74,plate1,A10,SA501,SA710,TAGCAGAC,ATCGTACG,Decadal_10172024
75,75,plate1,B10,SA502,SA710,TAGCAGAC,ACTATCTG,Decadal_10172024
76,76,plate1,C10,SA503,SA710,TAGCAGAC,TAGCGAGT,Decadal_10172024
77,77,plate1,D10,SA504,SA710,TAGCAGAC,CTGCGTGT,Decadal_10172024
78,78,plate1,E10,SA505,SA710,TAGCAGAC,TCATCGAG,Decadal_10172024
79,79,plate1,F10,SA506,SA710,TAGCAGAC,CGTGAGTG,Decadal_10172024
80,80,plate1,G10,SA507,SA710,TAGCAGAC,GGATATCT,Decadal_10172024
81,81,plate1,H10,SA508,SA710,TAGCAGAC,GACACCGT,Decadal_10172024
82,82,plate1,A11,SA501,SA711,TCATAGAC,ATCGTACG,Decadal_10172024
83,83,plate1,B11,SA502,SA711,TCATAGAC,ACTATCTG,Decadal_10172024
84,84,plate1,C11,SA503,SA711,TCATAGAC,TAGCGAGT,Decadal_10172024
85,85,plate1,D11,SA504,SA711,TCATAGAC,CTGCGTGT,Decadal_10172024
86,86,plate1,E11,SA505,SA711,TCATAGAC,TCATCGAG,Decadal_10172024
87,87,plate1,F11,SA506,SA711,TCATAGAC,CGTGAGTG,Decadal_10172024
88,88,plate1,G11,SA507,SA711,TCATAGAC,GGATATCT,Decadal_10172024
89,89,plate1,H11,SA508,SA711,TCATAGAC,GACACCGT,Decadal_10172024
90,90,plate1,A12,SA501,SA712,TCGCTATA,ATCGTACG,Decadal_10172024
91,91,plate1,B12,SA502,SA712,TCGCTATA,ACTATCTG,Decadal_10172024
92,92,plate1,C12,SA503,SA712,TCGCTATA,TAGCGAGT,Decadal_10172024
93,93,plate1,D12,SA504,SA712,TCGCTATA,CTGCGTGT,Decadal_10172024
94,94,plate1,E12,SA505,SA712,TCGCTATA,TCATCGAG,Decadal_10172024
95,95,plate1,F12,SA506,SA712,TCGCTATA,CGTGAGTG,Decadal_10172024
96,96,plate1,G12,SA507,SA712,TCGCTATA,GGATATCT,Decadal_10172024
UP-NEC-1,UP-NEC-1,plate1,H12,SA508,SA712,TCGCTATA,GACACCGT,Decadal_10172024
97,97,plate2,A1,SB501,SA701,AACTCTCG,CTACTATA,Decadal_10172024
98,98,plate2,B1,SB502,SA701,AACTCTCG,CGTTACTA,Decadal_10172024
99,99,plate2,C1,SB503,SA701,AACTCTCG,AGAGTCAC,Decadal_10172024
100,100,plate2,D1,SB504,SA701,AACTCTCG,TACGAGAC,Decadal_10172024
101,101,plate2,E1,SB505,SA701,AACTCTCG,ACGTCTCG,Decadal_10172024
102,102,plate2,F1,SB506,SA701,AACTCTCG,TCGACGAG,Decadal_10172024
103,103,plate2,G1,SB507,SA701,AACTCTCG,GATCGTGT,Decadal_10172024
104,104,plate2,H1,SB508,SA701,AACTCTCG,GTCAGATA,Decadal_10172024
105,105,plate2,A2,SB501,SA702,ACTATGTC,CTACTATA,Decadal_10172024
106,106,plate2,B2,SB502,SA702,ACTATGTC,CGTTACTA,Decadal_10172024
107,107,plate2,C2,SB503,SA702,ACTATGTC,AGAGTCAC,Decadal_10172024
108,108,plate2,D2,SB504,SA702,ACTATGTC,TACGAGAC,Decadal_10172024
109,109,plate2,E2,SB505,SA702,ACTATGTC,ACGTCTCG,Decadal_10172024
110,110,plate2,F2,SB506,SA702,ACTATGTC,TCGACGAG,Decadal_10172024
111,111,plate2,G2,SB507,SA702,ACTATGTC,GATCGTGT,Decadal_10172024
112,112,plate2,H2,SB508,SA702,ACTATGTC,GTCAGATA,Decadal_10172024
113,113,plate2,A3,SB501,SA703,AGTAGCGT,CTACTATA,Decadal_10172024
114,114,plate2,B3,SB502,SA703,AGTAGCGT,CGTTACTA,Decadal_10172024
115,115,plate2,C3,SB503,SA703,AGTAGCGT,AGAGTCAC,Decadal_10172024
116,116,plate2,D3,SB504,SA703,AGTAGCGT,TACGAGAC,Decadal_10172024
117,117,plate2,E3,SB505,SA703,AGTAGCGT,ACGTCTCG,Decadal_10172024
119,119,plate2,F3,SB506,SA703,AGTAGCGT,TCGACGAG,Decadal_10172024
120,120,plate2,G3,SB507,SA703,AGTAGCGT,GATCGTGT,Decadal_10172024
121,121,plate2,H3,SB508,SA703,AGTAGCGT,GTCAGATA,Decadal_10172024
122,122,plate2,A4,SB501,SA704,CAGTGAGT,CTACTATA,Decadal_10172024
123,123,plate2,B4,SB502,SA704,CAGTGAGT,CGTTACTA,Decadal_10172024
124,124,plate2,C4,SB503,SA704,CAGTGAGT,AGAGTCAC,Decadal_10172024
125,125,plate2,D4,SB504,SA704,CAGTGAGT,TACGAGAC,Decadal_10172024
126,126,plate2,E4,SB505,SA704,CAGTGAGT,ACGTCTCG,Decadal_10172024
127,127,plate2,F4,SB506,SA704,CAGTGAGT,TCGACGAG,Decadal_10172024
128,128,plate2,G4,SB507,SA704,CAGTGAGT,GATCGTGT,Decadal_10172024
129,129,plate2,H4,SB508,SA704,CAGTGAGT,GTCAGATA,Decadal_10172024
130,130,plate2,A5,SB501,SA705,CGTACTCA,CTACTATA,Decadal_10172024
131,131,plate2,B5,SB502,SA705,CGTACTCA,CGTTACTA,Decadal_10172024
132,132,plate2,C5,SB503,SA705,CGTACTCA,AGAGTCAC,Decadal_10172024
134,134,plate2,D5,SB504,SA705,CGTACTCA,TACGAGAC,Decadal_10172024
135,135,plate2,E5,SB505,SA705,CGTACTCA,ACGTCTCG,Decadal_10172024
136,136,plate2,F5,SB506,SA705,CGTACTCA,TCGACGAG,Decadal_10172024
137,137,plate2,G5,SB507,SA705,CGTACTCA,GATCGTGT,Decadal_10172024
138,138,plate2,H5,SB508,SA705,CGTACTCA,GTCAGATA,Decadal_10172024
139,139,plate2,A6,SB501,SA706,CTACGCAG,CTACTATA,Decadal_10172024
140,140,plate2,B6,SB502,SA706,CTACGCAG,CGTTACTA,Decadal_10172024
141,141,plate2,C6,SB503,SA706,CTACGCAG,AGAGTCAC,Decadal_10172024
142,142,plate2,D6,SB504,SA706,CTACGCAG,TACGAGAC,Decadal_10172024
143,143,plate2,E6,SB505,SA706,CTACGCAG,ACGTCTCG,Decadal_10172024
144,144,plate2,F6,SB506,SA706,CTACGCAG,TCGACGAG,Decadal_10172024
145,145,plate2,G6,SB507,SA706,CTACGCAG,GATCGTGT,Decadal_10172024
146,146,plate2,H6,SB508,SA706,CTACGCAG,GTCAGATA,Decadal_10172024
147,147,plate2,A7,SB501,SA707,GGAGACTA,CTACTATA,Decadal_10172024
148,148,plate2,B7,SB502,SA707,GGAGACTA,CGTTACTA,Decadal_10172024
149,149,plate2,C7,SB503,SA707,GGAGACTA,AGAGTCAC,Decadal_10172024
150,150,plate2,D7,SB504,SA707,GGAGACTA,TACGAGAC,Decadal_10172024
151,151,plate2,E7,SB505,SA707,GGAGACTA,ACGTCTCG,Decadal_10172024
152,152,plate2,F7,SB506,SA707,GGAGACTA,TCGACGAG,Decadal_10172024
153,153,plate2,G7,SB507,SA707,GGAGACTA,GATCGTGT,Decadal_10172024
154,154,plate2,H7,SB508,SA707,GGAGACTA,GTCAGATA,Decadal_10172024
155,155,plate2,A8,SB501,SA708,GTCGCTCG,CTACTATA,Decadal_10172024
156,156,plate2,B8,SB502,SA708,GTCGCTCG,CGTTACTA,Decadal_10172024
157,157,plate2,C8,SB503,SA708,GTCGCTCG,AGAGTCAC,Decadal_10172024
158,158,plate2,D8,SB504,SA708,GTCGCTCG,TACGAGAC,Decadal_10172024
159,159,plate2,E8,SB505,SA708,GTCGCTCG,ACGTCTCG,Decadal_10172024
160,160,plate2,F8,SB506,SA708,GTCGCTCG,TCGACGAG,Decadal_10172024
161,161,plate2,G8,SB507,SA708,GTCGCTCG,GATCGTGT,Decadal_10172024
162,162,plate2,H8,SB508,SA708,GTCGCTCG,GTCAGATA,Decadal_10172024
163,163,plate2,A9,SB501,SA709,GTCGTAGT,CTACTATA,Decadal_10172024
164,164,plate2,B9,SB502,SA709,GTCGTAGT,CGTTACTA,Decadal_10172024
165,165,plate2,C9,SB503,SA709,GTCGTAGT,AGAGTCAC,Decadal_10172024
166,166,plate2,D9,SB504,SA709,GTCGTAGT,TACGAGAC,Decadal_10172024
167,167,plate2,E9,SB505,SA709,GTCGTAGT,ACGTCTCG,Decadal_10172024
168,168,plate2,F9,SB506,SA709,GTCGTAGT,TCGACGAG,Decadal_10172024
169,169,plate2,G9,SB507,SA709,GTCGTAGT,GATCGTGT,Decadal_10172024
170,170,plate2,H9,SB508,SA709,GTCGTAGT,GTCAGATA,Decadal_10172024
171,171,plate2,A10,SB501,SA710,TAGCAGAC,CTACTATA,Decadal_10172024
172,172,plate2,B10,SB502,SA710,TAGCAGAC,CGTTACTA,Decadal_10172024
173,173,plate2,C10,SB503,SA710,TAGCAGAC,AGAGTCAC,Decadal_10172024
174,174,plate2,D10,SB504,SA710,TAGCAGAC,TACGAGAC,Decadal_10172024
175,175,plate2,E10,SB505,SA710,TAGCAGAC,ACGTCTCG,Decadal_10172024
176,176,plate2,F10,SB506,SA710,TAGCAGAC,TCGACGAG,Decadal_10172024
177,177,plate2,G10,SB507,SA710,TAGCAGAC,GATCGTGT,Decadal_10172024
178,178,plate2,H10,SB508,SA710,TAGCAGAC,GTCAGATA,Decadal_10172024
179,179,plate2,A11,SB501,SA711,TCATAGAC,CTACTATA,Decadal_10172024
180,180,plate2,B11,SB502,SA711,TCATAGAC,CGTTACTA,Decadal_10172024
181,181,plate2,C11,SB503,SA711,TCATAGAC,AGAGTCAC,Decadal_10172024
182,182,plate2,D11,SB504,SA711,TCATAGAC,TACGAGAC,Decadal_10172024
183,183,plate2,E11,SB505,SA711,TCATAGAC,ACGTCTCG,Decadal_10172024
184,184,plate2,F11,SB506,SA711,TCATAGAC,TCGACGAG,Decadal_10172024
185,185,plate2,G11,SB507,SA711,TCATAGAC,GATCGTGT,Decadal_10172024
186,186,plate2,H11,SB508,SA711,TCATAGAC,GTCAGATA,Decadal_10172024
187,187,plate2,A12,SB501,SA712,TCGCTATA,CTACTATA,Decadal_10172024
188,188,plate2,B12,SB502,SA712,TCGCTATA,CGTTACTA,Decadal_10172024
189,189,plate2,C12,SB503,SA712,TCGCTATA,AGAGTCAC,Decadal_10172024
190,190,plate2,D12,SB504,SA712,TCGCTATA,TACGAGAC,Decadal_10172024
191,191,plate2,E12,SB505,SA712,TCGCTATA,ACGTCTCG,Decadal_10172024
192,192,plate2,F12,SB506,SA712,TCGCTATA,TCGACGAG,Decadal_10172024
193,193,plate2,G12,SB507,SA712,TCGCTATA,GATCGTGT,Decadal_10172024
UP-NEC-2,UP-NEC-2,plate2,H12,SB508,SA712,TCGCTATA,GTCAGATA,Decadal_10172024
194,194,plate3,A1,SC501,SA701,AACTCTCG,ACGACGTG,Decadal_10172024
195,195,plate3,B1,SC502,SA701,AACTCTCG,ATATACAC,Decadal_10172024
196,196,plate3,C1,SC503,SA701,AACTCTCG,CGTCGCTA,Decadal_10172024
197,197,plate3,D1,SC504,SA701,AACTCTCG,CTAGAGCT,Decadal_10172024
198,198,plate3,E1,SC505,SA701,AACTCTCG,GCTCTAGT,Decadal_10172024
199,199,plate3,F1,SC506,SA701,AACTCTCG,GACACTGA,Decadal_10172024
200,200,plate3,G1,SC507,SA701,AACTCTCG,TGCGTACG,Decadal_10172024
201,201,plate3,H1,SC508,SA701,AACTCTCG,TAGTGTAG,Decadal_10172024
202,202,plate3,A2,SC501,SA702,ACTATGTC,ACGACGTG,Decadal_10172024
203,203,plate3,B2,SC502,SA702,ACTATGTC,ATATACAC,Decadal_10172024
204,204,plate3,C2,SC503,SA702,ACTATGTC,CGTCGCTA,Decadal_10172024
205,205,plate3,D2,SC504,SA702,ACTATGTC,CTAGAGCT,Decadal_10172024
206,206,plate3,E2,SC505,SA702,ACTATGTC,GCTCTAGT,Decadal_10172024
207,207,plate3,F2,SC506,SA702,ACTATGTC,GACACTGA,Decadal_10172024
208,208,plate3,G2,SC507,SA702,ACTATGTC,TGCGTACG,Decadal_10172024
209,209,plate3,H2,SC508,SA702,ACTATGTC,TAGTGTAG,Decadal_10172024
210,210,plate3,A3,SC501,SA703,AGTAGCGT,ACGACGTG,Decadal_10172024
211,211,plate3,B3,SC502,SA703,AGTAGCGT,ATATACAC,Decadal_10172024
212,212,plate3,C3,SC503,SA703,AGTAGCGT,CGTCGCTA,Decadal_10172024
213,213,plate3,D3,SC504,SA703,AGTAGCGT,CTAGAGCT,Decadal_10172024
214,214,plate3,E3,SC505,SA703,AGTAGCGT,GCTCTAGT,Decadal_10172024
215,215,plate3,F3,SC506,SA703,AGTAGCGT,GACACTGA,Decadal_10172024
216,216,plate3,G3,SC507,SA703,AGTAGCGT,TGCGTACG,Decadal_10172024
217,217,plate3,H3,SC508,SA703,AGTAGCGT,TAGTGTAG,Decadal_10172024
218,218,plate3,A4,SC501,SA704,CAGTGAGT,ACGACGTG,Decadal_10172024
219,219,plate3,B4,SC502,SA704,CAGTGAGT,ATATACAC,Decadal_10172024
220,220,plate3,C4,SC503,SA704,CAGTGAGT,CGTCGCTA,Decadal_10172024
221,221,plate3,D4,SC504,SA704,CAGTGAGT,CTAGAGCT,Decadal_10172024
222,222,plate3,E4,SC505,SA704,CAGTGAGT,GCTCTAGT,Decadal_10172024
223,223,plate3,F4,SC506,SA704,CAGTGAGT,GACACTGA,Decadal_10172024
224,224,plate3,G4,SC507,SA704,CAGTGAGT,TGCGTACG,Decadal_10172024
225,225,plate3,H4,SC508,SA704,CAGTGAGT,TAGTGTAG,Decadal_10172024
226,226,plate3,A5,SC501,SA705,CGTACTCA,ACGACGTG,Decadal_10172024
227,227,plate3,B5,SC502,SA705,CGTACTCA,ATATACAC,Decadal_10172024
228,228,plate3,C5,SC503,SA705,CGTACTCA,CGTCGCTA,Decadal_10172024
229,229,plate3,D5,SC504,SA705,CGTACTCA,CTAGAGCT,Decadal_10172024
230,230,plate3,E5,SC505,SA705,CGTACTCA,GCTCTAGT,Decadal_10172024
231,231,plate3,F5,SC506,SA705,CGTACTCA,GACACTGA,Decadal_10172024
232,232,plate3,G5,SC507,SA705,CGTACTCA,TGCGTACG,Decadal_10172024
233,233,plate3,H5,SC508,SA705,CGTACTCA,TAGTGTAG,Decadal_10172024
234,234,plate3,A6,SC501,SA706,CTACGCAG,ACGACGTG,Decadal_10172024
242,242,plate3,B6,SC502,SA706,CTACGCAG,ATATACAC,Decadal_10172024
243,243,plate3,C6,SC503,SA706,CTACGCAG,CGTCGCTA,Decadal_10172024
244,244,plate3,D6,SC504,SA706,CTACGCAG,CTAGAGCT,Decadal_10172024
245,245,plate3,E6,SC505,SA706,CTACGCAG,GCTCTAGT,Decadal_10172024
246,246,plate3,F6,SC506,SA706,CTACGCAG,GACACTGA,Decadal_10172024
247,247,plate3,G6,SC507,SA706,CTACGCAG,TGCGTACG,Decadal_10172024
248,248,plate3,H6,SC508,SA706,CTACGCAG,TAGTGTAG,Decadal_10172024
249,249,plate3,A7,SC501,SA707,GGAGACTA,ACGACGTG,Decadal_10172024
250,250,plate3,B7,SC502,SA707,GGAGACTA,ATATACAC,Decadal_10172024
251,251,plate3,C7,SC503,SA707,GGAGACTA,CGTCGCTA,Decadal_10172024
252,252,plate3,D7,SC504,SA707,GGAGACTA,CTAGAGCT,Decadal_10172024
253,253,plate3,E7,SC505,SA707,GGAGACTA,GCTCTAGT,Decadal_10172024
254,254,plate3,F7,SC506,SA707,GGAGACTA,GACACTGA,Decadal_10172024
255,255,plate3,G7,SC507,SA707,GGAGACTA,TGCGTACG,Decadal_10172024
256,256,plate3,H7,SC508,SA707,GGAGACTA,TAGTGTAG,Decadal_10172024
257,257,plate3,A8,SC501,SA708,GTCGCTCG,ACGACGTG,Decadal_10172024
258,258,plate3,B8,SC502,SA708,GTCGCTCG,ATATACAC,Decadal_10172024
259,259,plate3,C8,SC503,SA708,GTCGCTCG,CGTCGCTA,Decadal_10172024
260,260,plate3,D8,SC504,SA708,GTCGCTCG,CTAGAGCT,Decadal_10172024
261,261,plate3,E8,SC505,SA708,GTCGCTCG,GCTCTAGT,Decadal_10172024
262,262,plate3,F8,SC506,SA708,GTCGCTCG,GACACTGA,Decadal_10172024
263,263,plate3,G8,SC507,SA708,GTCGCTCG,TGCGTACG,Decadal_10172024
264,264,plate3,H8,SC508,SA708,GTCGCTCG,TAGTGTAG,Decadal_10172024
265,265,plate3,A9,SC501,SA709,GTCGTAGT,ACGACGTG,Decadal_10172024
266,266,plate3,B9,SC502,SA709,GTCGTAGT,ATATACAC,Decadal_10172024
267,267,plate3,C9,SC503,SA709,GTCGTAGT,CGTCGCTA,Decadal_10172024
268,268,plate3,D9,SC504,SA709,GTCGTAGT,CTAGAGCT,Decadal_10172024
269,269,plate3,E9,SC505,SA709,GTCGTAGT,GCTCTAGT,Decadal_10172024
270,270,plate3,F9,SC506,SA709,GTCGTAGT,GACACTGA,Decadal_10172024
271,271,plate3,G9,SC507,SA709,GTCGTAGT,TGCGTACG,Decadal_10172024
272,272,plate3,H9,SC508,SA709,GTCGTAGT,TAGTGTAG,Decadal_10172024
273,273,plate3,A10,SC501,SA710,TAGCAGAC,ACGACGTG,Decadal_10172024
274,274,plate3,B10,SC502,SA710,TAGCAGAC,ATATACAC,Decadal_10172024
275,275,plate3,C10,SC503,SA710,TAGCAGAC,CGTCGCTA,Decadal_10172024
276,276,plate3,D10,SC504,SA710,TAGCAGAC,CTAGAGCT,Decadal_10172024
277,277,plate3,E10,SC505,SA710,TAGCAGAC,GCTCTAGT,Decadal_10172024
278,278,plate3,F10,SC506,SA710,TAGCAGAC,GACACTGA,Decadal_10172024
279,279,plate3,G10,SC507,SA710,TAGCAGAC,TGCGTACG,Decadal_10172024
280,280,plate3,H10,SC508,SA710,TAGCAGAC,TAGTGTAG,Decadal_10172024
281,281,plate3,A11,SC501,SA711,TCATAGAC,ACGACGTG,Decadal_10172024
282,282,plate3,B11,SC502,SA711,TCATAGAC,ATATACAC,Decadal_10172024
283,283,plate3,C11,SC503,SA711,TCATAGAC,CGTCGCTA,Decadal_10172024
284,284,plate3,D11,SC504,SA711,TCATAGAC,CTAGAGCT,Decadal_10172024
285,285,plate3,E11,SC505,SA711,TCATAGAC,GCTCTAGT,Decadal_10172024
286,286,plate3,F11,SC506,SA711,TCATAGAC,GACACTGA,Decadal_10172024
287,287,plate3,G11,SC507,SA711,TCATAGAC,TGCGTACG,Decadal_10172024
288,288,plate3,H11,SC508,SA711,TCATAGAC,TAGTGTAG,Decadal_10172024
289,289,plate3,A12,SC501,SA712,TCGCTATA,ACGACGTG,Decadal_10172024
290,290,plate3,B12,SC502,SA712,TCGCTATA,ATATACAC,Decadal_10172024
291,291,plate3,C12,SC503,SA712,TCGCTATA,CGTCGCTA,Decadal_10172024
292,292,plate3,D12,SC504,SA712,TCGCTATA,CTAGAGCT,Decadal_10172024
293,293,plate3,E12,SC505,SA712,TCGCTATA,GCTCTAGT,Decadal_10172024
294,294,plate3,F12,SC506,SA712,TCGCTATA,GACACTGA,Decadal_10172024
295,295,plate3,G12,SC507,SA712,TCGCTATA,TGCGTACG,Decadal_10172024
UP-NEC-3,UP-NEC-3,plate3,H12,SC508,SA712,TCGCTATA,TAGTGTAG,Decadal_10172024
296,296,plate4,A1,SA501,SB701,AAGTCGAG,ATCGTACG,Decadal_10172024
297,297,plate4,B1,SA502,SB701,AAGTCGAG,ACTATCTG,Decadal_10172024
298,298,plate4,C1,SA503,SB701,AAGTCGAG,TAGCGAGT,Decadal_10172024
299,299,plate4,D1,SA504,SB701,AAGTCGAG,CTGCGTGT,Decadal_10172024
300,300,plate4,E1,SA505,SB701,AAGTCGAG,TCATCGAG,Decadal_10172024
301,301,plate4,F1,SA506,SB701,AAGTCGAG,CGTGAGTG,Decadal_10172024
326,326,plate4,G1,SA507,SB701,AAGTCGAG,GGATATCT,Decadal_10172024
303,303,plate4,H1,SA508,SB701,AAGTCGAG,GACACCGT,Decadal_10172024
304,304,plate4,A2,SA501,SB702,ATACTTCG,ATCGTACG,Decadal_10172024
305,305,plate4,B2,SA502,SB702,ATACTTCG,ACTATCTG,Decadal_10172024
306,306,plate4,C2,SA503,SB702,ATACTTCG,TAGCGAGT,Decadal_10172024
307,307,plate4,D2,SA504,SB702,ATACTTCG,CTGCGTGT,Decadal_10172024
308,308,plate4,E2,SA505,SB702,ATACTTCG,TCATCGAG,Decadal_10172024
309,309,plate4,F2,SA506,SB702,ATACTTCG,CGTGAGTG,Decadal_10172024
310,310,plate4,G2,SA507,SB702,ATACTTCG,GGATATCT,Decadal_10172024
311,311,plate4,H2,SA508,SB702,ATACTTCG,GACACCGT,Decadal_10172024
312,312,plate4,A3,SA501,SB703,AGCTGCTA,ATCGTACG,Decadal_10172024
313,313,plate4,B3,SA502,SB703,AGCTGCTA,ACTATCTG,Decadal_10172024
314,314,plate4,C3,SA503,SB703,AGCTGCTA,TAGCGAGT,Decadal_10172024
315,315,plate4,D3,SA504,SB703,AGCTGCTA,CTGCGTGT,Decadal_10172024
316,316,plate4,E3,SA505,SB703,AGCTGCTA,TCATCGAG,Decadal_10172024
317,317,plate4,F3,SA506,SB703,AGCTGCTA,CGTGAGTG,Decadal_10172024
318,318,plate4,G3,SA507,SB703,AGCTGCTA,GGATATCT,Decadal_10172024
319,319,plate4,H3,SA508,SB703,AGCTGCTA,GACACCGT,Decadal_10172024
320,320,plate4,A4,SA501,SB704,CATAGAGA,ATCGTACG,Decadal_10172024
321,321,plate4,B4,SA502,SB704,CATAGAGA,ACTATCTG,Decadal_10172024
322,322,plate4,C4,SA503,SB704,CATAGAGA,TAGCGAGT,Decadal_10172024
323,323,plate4,D4,SA504,SB704,CATAGAGA,CTGCGTGT,Decadal_10172024
324,324,plate4,E4,SA505,SB704,CATAGAGA,TCATCGAG,Decadal_10172024
325,325,plate4,F4,SA506,SB704,CATAGAGA,CGTGAGTG,Decadal_10172024
302,302,plate4,G4,SA507,SB704,CATAGAGA,GGATATCT,Decadal_10172024
327,327,plate4,H4,SA508,SB704,CATAGAGA,GACACCGT,Decadal_10172024
328,328,plate4,A5,SA501,SB705,CGTAGATC,ATCGTACG,Decadal_10172024
329,329,plate4,B5,SA502,SB705,CGTAGATC,ACTATCTG,Decadal_10172024
330,330,plate4,C5,SA503,SB705,CGTAGATC,TAGCGAGT,Decadal_10172024
331,331,plate4,D5,SA504,SB705,CGTAGATC,CTGCGTGT,Decadal_10172024
332,332,plate4,E5,SA505,SB705,CGTAGATC,TCATCGAG,Decadal_10172024
333,333,plate4,F5,SA506,SB705,CGTAGATC,CGTGAGTG,Decadal_10172024
334,334,plate4,G5,SA507,SB705,CGTAGATC,GGATATCT,Decadal_10172024
335,335,plate4,H5,SA508,SB705,CGTAGATC,GACACCGT,Decadal_10172024
336,336,plate4,A6,SA501,SB706,CTCGTTAC,ATCGTACG,Decadal_10172024
337,337,plate4,B6,SA502,SB706,CTCGTTAC,ACTATCTG,Decadal_10172024
338,338,plate4,C6,SA503,SB706,CTCGTTAC,TAGCGAGT,Decadal_10172024
339,339,plate4,D6,SA504,SB706,CTCGTTAC,CTGCGTGT,Decadal_10172024
340,340,plate4,E6,SA505,SB706,CTCGTTAC,TCATCGAG,Decadal_10172024
341,341,plate4,F6,SA506,SB706,CTCGTTAC,CGTGAGTG,Decadal_10172024
342,342,plate4,G6,SA507,SB706,CTCGTTAC,GGATATCT,Decadal_10172024
343,343,plate4,H6,SA508,SB706,CTCGTTAC,GACACCGT,Decadal_10172024
344,344,plate4,A7,SA501,SB707,GCGCACGT,ATCGTACG,Decadal_10172024
345,345,plate4,B7,SA502,SB707,GCGCACGT,ACTATCTG,Decadal_10172024
346,346,plate4,C7,SA503,SB707,GCGCACGT,TAGCGAGT,Decadal_10172024
347,347,plate4,D7,SA504,SB707,GCGCACGT,CTGCGTGT,Decadal_10172024
348,348,plate4,E7,SA505,SB707,GCGCACGT,TCATCGAG,Decadal_10172024
349,349,plate4,F7,SA506,SB707,GCGCACGT,CGTGAGTG,Decadal_10172024
350,350,plate4,G7,SA507,SB707,GCGCACGT,GGATATCT,Decadal_10172024
351,351,plate4,H7,SA508,SB707,GCGCACGT,GACACCGT,Decadal_10172024
353,353,plate4,A8,SA501,SB708,GGTACTAT,ATCGTACG,Decadal_10172024
354,354,plate4,B8,SA502,SB708,GGTACTAT,ACTATCTG,Decadal_10172024
355,355,plate4,C8,SA503,SB708,GGTACTAT,TAGCGAGT,Decadal_10172024
356,356,plate4,D8,SA504,SB708,GGTACTAT,CTGCGTGT,Decadal_10172024
357,357,plate4,E8,SA505,SB708,GGTACTAT,TCATCGAG,Decadal_10172024
358,358,plate4,F8,SA506,SB708,GGTACTAT,CGTGAGTG,Decadal_10172024
359,359,plate4,G8,SA507,SB708,GGTACTAT,GGATATCT,Decadal_10172024
360,360,plate4,H8,SA508,SB708,GGTACTAT,GACACCGT,Decadal_10172024
361,361,plate4,A9,SA501,SB709,GTATACGC,ATCGTACG,Decadal_10172024
362,362,plate4,B9,SA502,SB709,GTATACGC,ACTATCTG,Decadal_10172024
363,363,plate4,C9,SA503,SB709,GTATACGC,TAGCGAGT,Decadal_10172024
364,364,plate4,D9,SA504,SB709,GTATACGC,CTGCGTGT,Decadal_10172024
365,365,plate4,E9,SA505,SB709,GTATACGC,TCATCGAG,Decadal_10172024
366,366,plate4,F9,SA506,SB709,GTATACGC,CGTGAGTG,Decadal_10172024
367,367,plate4,G9,SA507,SB709,GTATACGC,GGATATCT,Decadal_10172024
368,368,plate4,H9,SA508,SB709,GTATACGC,GACACCGT,Decadal_10172024
369,369,plate4,A10,SA501,SB710,TACGAGCA,ATCGTACG,Decadal_10172024
370,370,plate4,B10,SA502,SB710,TACGAGCA,ACTATCTG,Decadal_10172024
391,391,plate4,C10,SA503,SB710,TACGAGCA,TAGCGAGT,Decadal_10172024
392,392,plate4,D10,SA504,SB710,TACGAGCA,CTGCGTGT,Decadal_10172024
401,401,plate4,E10,SA505,SB710,TACGAGCA,TCATCGAG,Decadal_10172024
402,402,plate4,F10,SA506,SB710,TACGAGCA,CGTGAGTG,Decadal_10172024
403,403,plate4,G10,SA507,SB710,TACGAGCA,GGATATCT,Decadal_10172024
404,404,plate4,H10,SA508,SB710,TACGAGCA,GACACCGT,Decadal_10172024
405,405,plate4,A11,SA501,SB711,TCAGCGTT,ATCGTACG,Decadal_10172024
406,406,plate4,B11,SA502,SB711,TCAGCGTT,ACTATCTG,Decadal_10172024
407,407,plate4,C11,SA503,SB711,TCAGCGTT,TAGCGAGT,Decadal_10172024
408,408,plate4,D11,SA504,SB711,TCAGCGTT,CTGCGTGT,Decadal_10172024
409,409,plate4,E11,SA505,SB711,TCAGCGTT,TCATCGAG,Decadal_10172024
411,411,plate4,F11,SA506,SB711,TCAGCGTT,CGTGAGTG,Decadal_10172024
412,412,plate4,G11,SA507,SB711,TCAGCGTT,GGATATCT,Decadal_10172024
413,413,plate4,H11,SA508,SB711,TCAGCGTT,GACACCGT,Decadal_10172024
414,414,plate4,A12,SA501,SB712,TCGCTACG,ATCGTACG,Decadal_10172024
415,415,plate4,B12,SA502,SB712,TCGCTACG,ACTATCTG,Decadal_10172024
NEC-133,NEC-133,plate4,C12,SA503,SB712,TCGCTACG,TAGCGAGT,Decadal_10172024
NEC-352,NEC-352,plate4,D12,SA504,SB712,TCGCTACG,CTGCGTGT,Decadal_10172024
NEC,NEC,plate4,E12,SA505,SB712,TCGCTACG,TCATCGAG,Decadal_10172024
NEC,NEC,plate4,F12,SA506,SB712,TCGCTACG,CGTGAGTG,Decadal_10172024
NEC,NEC,plate4,G12,SA507,SB712,TCGCTACG,GGATATCT,Decadal_10172024
UP-NEC-3,UP-NEC-3,plate4,H12,SA508,SB712,TCGCTACG,GACACCGT,Decadal_10172024
1029,1029,plate5,A1,SB501,SB701,AAGTCGAG,CTACTATA,Decadal_10172024
1030,1030,plate5,B1,SB502,SB701,AAGTCGAG,CGTTACTA,Decadal_10172024
1031,1031,plate5,C1,SB503,SB701,AAGTCGAG,AGAGTCAC,Decadal_10172024
1032,1032,plate5,D1,SB504,SB701,AAGTCGAG,TACGAGAC,Decadal_10172024
1033,1033,plate5,E1,SB505,SB701,AAGTCGAG,ACGTCTCG,Decadal_10172024
1034,1034,plate5,F1,SB506,SB701,AAGTCGAG,TCGACGAG,Decadal_10172024
1035,1035,plate5,G1,SB507,SB701,AAGTCGAG,GATCGTGT,Decadal_10172024
1036,1036,plate5,H1,SB508,SB701,AAGTCGAG,GTCAGATA,Decadal_10172024
1037,1037,plate5,A2,SB501,SB702,ATACTTCG,CTACTATA,Decadal_10172024
1038,1038,plate5,B2,SB502,SB702,ATACTTCG,CGTTACTA,Decadal_10172024
1039,1039,plate5,C2,SB503,SB702,ATACTTCG,AGAGTCAC,Decadal_10172024
1040,1040,plate5,D2,SB504,SB702,ATACTTCG,TACGAGAC,Decadal_10172024
1041,1041,plate5,E2,SB505,SB702,ATACTTCG,ACGTCTCG,Decadal_10172024
1043,1043,plate5,F2,SB506,SB702,ATACTTCG,TCGACGAG,Decadal_10172024
1044,1044,plate5,G2,SB507,SB702,ATACTTCG,GATCGTGT,Decadal_10172024
1045,1045,plate5,H2,SB508,SB702,ATACTTCG,GTCAGATA,Decadal_10172024
1047,1047,plate5,A3,SB501,SB703,AGCTGCTA,CTACTATA,Decadal_10172024
1051,1051,plate5,B3,SB502,SB703,AGCTGCTA,CGTTACTA,Decadal_10172024
1052,1052,plate5,C3,SB503,SB703,AGCTGCTA,AGAGTCAC,Decadal_10172024
1053,1053,plate5,D3,SB504,SB703,AGCTGCTA,TACGAGAC,Decadal_10172024
1054,1054,plate5,E3,SB505,SB703,AGCTGCTA,ACGTCTCG,Decadal_10172024
1055,1055,plate5,F3,SB506,SB703,AGCTGCTA,TCGACGAG,Decadal_10172024
1056,1056,plate5,G3,SB507,SB703,AGCTGCTA,GATCGTGT,Decadal_10172024
1057,1057,plate5,H3,SB508,SB703,AGCTGCTA,GTCAGATA,Decadal_10172024
1058,1058,plate5,A4,SB501,SB704,CATAGAGA,CTACTATA,Decadal_10172024
1059,1059,plate5,B4,SB502,SB704,CATAGAGA,CGTTACTA,Decadal_10172024
1060,1060,plate5,C4,SB503,SB704,CATAGAGA,AGAGTCAC,Decadal_10172024
1061,1061,plate5,D4,SB504,SB704,CATAGAGA,TACGAGAC,Decadal_10172024
1062,1062,plate5,E4,SB505,SB704,CATAGAGA,ACGTCTCG,Decadal_10172024
1063,1063,plate5,F4,SB506,SB704,CATAGAGA,TCGACGAG,Decadal_10172024
1064,1064,plate5,G4,SB507,SB704,CATAGAGA,GATCGTGT,Decadal_10172024
1065,1065,plate5,H4,SB508,SB704,CATAGAGA,GTCAGATA,Decadal_10172024
1066,1066,plate5,A5,SB501,SB705,CGTAGATC,CTACTATA,Decadal_10172024
1102,1102,plate5,B5,SB502,SB705,CGTAGATC,CGTTACTA,Decadal_10172024
1139,1139,plate5,C5,SB503,SB705,CGTAGATC,AGAGTCAC,Decadal_10172024
1142,1142,plate5,D5,SB504,SB705,CGTAGATC,TACGAGAC,Decadal_10172024
1146,1146,plate5,E5,SB505,SB705,CGTAGATC,ACGTCTCG,Decadal_10172024
1147,1147,plate5,F5,SB506,SB705,CGTAGATC,TCGACGAG,Decadal_10172024
1148,1148,plate5,G5,SB507,SB705,CGTAGATC,GATCGTGT,Decadal_10172024
1149,1149,plate5,H5,SB508,SB705,CGTAGATC,GTCAGATA,Decadal_10172024
1150,1150,plate5,A6,SB501,SB706,CTCGTTAC,CTACTATA,Decadal_10172024
1195,1195,plate5,B6,SB502,SB706,CTCGTTAC,CGTTACTA,Decadal_10172024
1206,1206,plate5,C6,SB503,SB706,CTCGTTAC,AGAGTCAC,Decadal_10172024
1207,1207,plate5,D6,SB504,SB706,CTCGTTAC,TACGAGAC,Decadal_10172024
1210,1210,plate5,E6,SB505,SB706,CTCGTTAC,ACGTCTCG,Decadal_10172024
1216,1216,plate5,F6,SB506,SB706,CTCGTTAC,TCGACGAG,Decadal_10172024
1218,1218,plate5,G6,SB507,SB706,CTCGTTAC,GATCGTGT,Decadal_10172024
BDA-NEC-1,BDA-NEC-1,plate5,H6,SB508,SB706,CTCGTTAC,GTCAGATA,Decadal_10172024
1029,1029,plate5,A7,SB501,SB707,GCGCACGT,CTACTATA,Decadal_10172024
1030,1030,plate5,B7,SB502,SB707,GCGCACGT,CGTTACTA,Decadal_10172024
1031,1031,plate5,C7,SB503,SB707,GCGCACGT,AGAGTCAC,Decadal_10172024
1032,1032,plate5,D7,SB504,SB707,GCGCACGT,TACGAGAC,Decadal_10172024
1033,1033,plate5,E7,SB505,SB707,GCGCACGT,ACGTCTCG,Decadal_10172024
1034,1034,plate5,F7,SB506,SB707,GCGCACGT,TCGACGAG,Decadal_10172024
1035,1035,plate5,G7,SB507,SB707,GCGCACGT,GATCGTGT,Decadal_10172024
1036,1036,plate5,H7,SB508,SB707,GCGCACGT,GTCAGATA,Decadal_10172024
1037,1037,plate5,A8,SB501,SB708,GGTACTAT,CTACTATA,Decadal_10172024
1038,1038,plate5,B8,SB502,SB708,GGTACTAT,CGTTACTA,Decadal_10172024
1039,1039,plate5,C8,SB503,SB708,GGTACTAT,AGAGTCAC,Decadal_10172024
1040,1040,plate5,D8,SB504,SB708,GGTACTAT,TACGAGAC,Decadal_10172024
1041,1041,plate5,E8,SB505,SB708,GGTACTAT,ACGTCTCG,Decadal_10172024
1042,1042,plate5,F8,SB506,SB708,GGTACTAT,TCGACGAG,Decadal_10172024
1043,1043,plate5,G8,SB507,SB708,GGTACTAT,GATCGTGT,Decadal_10172024
1044,1044,plate5,H8,SB508,SB708,GGTACTAT,GTCAGATA,Decadal_10172024
1045,1045,plate5,A9,SB501,SB709,GTATACGC,CTACTATA,Decadal_10172024
1051,1051,plate5,B9,SB502,SB709,GTATACGC,CGTTACTA,Decadal_10172024
1052,1052,plate5,C9,SB503,SB709,GTATACGC,AGAGTCAC,Decadal_10172024
1053,1053,plate5,D9,SB504,SB709,GTATACGC,TACGAGAC,Decadal_10172024
1054,1054,plate5,E9,SB505,SB709,GTATACGC,ACGTCTCG,Decadal_10172024
1055,1055,plate5,F9,SB506,SB709,GTATACGC,TCGACGAG,Decadal_10172024
1056,1056,plate5,G9,SB507,SB709,GTATACGC,GATCGTGT,Decadal_10172024
1057,1057,plate5,H9,SB508,SB709,GTATACGC,GTCAGATA,Decadal_10172024
1058,1058,plate5,A10,SB501,SB710,NA,CTACTATA,Decadal_10172024
1059,1059,plate5,B10,SB502,SB710,NA,CGTTACTA,Decadal_10172024
1060,1060,plate5,C10,SB503,SB710,NA,AGAGTCAC,Decadal_10172024
1061,1061,plate5,D10,SB504,SB710,NA,TACGAGAC,Decadal_10172024
1062,1062,plate5,E10,SB505,SB710,NA,ACGTCTCG,Decadal_10172024
1063,1063,plate5,F10,SB506,SB710,NA,TCGACGAG,Decadal_10172024
1064,1064,plate5,G10,SB507,SB710,NA,GATCGTGT,Decadal_10172024
1065,1065,plate5,H10,SB508,SB710,NA,GTCAGATA,Decadal_10172024
1066,1066,plate5,A11,SB501,SB711,NA,CTACTATA,Decadal_10172024
NE1,NE1,plate5,B11,SB502,SB711,NA,CGTTACTA,Decadal_10172024
NE2,NE2,plate5,C11,SB503,SB711,NA,AGAGTCAC,Decadal_10172024
NE3,NE3,plate5,D11,SB504,SB711,NA,TACGAGAC,Decadal_10172024
NE4,NE4,plate5,E11,SB505,SB711,NA,ACGTCTCG,Decadal_10172024
NE5,NE5,plate5,F11,SB506,SB711,NA,TCGACGAG,Decadal_10172024
NE6,NE6,plate5,G11,SB507,SB711,NA,GATCGTGT,Decadal_10172024
NE7,NE7,plate5,H11,SB508,SB711,NA,GTCAGATA,Decadal_10172024
NE8,NE8,plate5,A12,SB501,SB712,NA,CTACTATA,Decadal_10172024
NE9,NE9,plate5,B12,SB502,SB712,NA,CGTTACTA,Decadal_10172024
NE10,NE10,plate5,C12,SB503,SB712,NA,AGAGTCAC,Decadal_10172024
NE11,NE11,plate5,D12,SB504,SB712,NA,TACGAGAC,Decadal_10172024
NE12,NE12,plate5,E12,SB505,SB712,NA,ACGTCTCG,Decadal_10172024
NE13,NE13,plate5,F12,SB506,SB712,NA,TCGACGAG,Decadal_10172024
NE14,NE14,plate5,G12,SB507,SB712,NA,GATCGTGT,Decadal_10172024
UP-NEC5,UP-NEC5,plate5,H12,SB508,SB712,NA,GTCAGATA,Decadal_10172024